model,macro F1 score
Decision_Tree,0.9216416422083104
RF,0.891758443695234
GradientBoosting,0.59183001564514
Knn-1,0.5669290145730723
XGBoost,0.5210905410486706
Bagging Classifier,0.5112179012327496
Knn-3,0.47594684720585934
Knn-5,0.4504505073571836
Knn-7,0.4371250059541324
Gaussian Naive Bayes,0.31890008653440194
RBF SVM,0.20692072884380577
XGBoost,0.20205406770789072
